{
  "project_info": {
    "project_number": "457143384970",
    "firebase_url": "https://chat-bb918.firebaseio.com",
    "project_id": "chat-bb918",
    "storage_bucket": "chat-bb918.appspot.com"
  },
  "client": [
    {
      "client_info": {
        "mobilesdk_app_id": "1:457143384970:android:463f0c3aaed1df64c96673",
        "android_client_info": {
          "package_name": "com.bm.android.chat"
        }
      },
      "oauth_client": [
        {
          "client_id": "457143384970-3ajgkep27qbd5gfjnfti4aei2pi3p46s.apps.googleusercontent.com",
          "client_type": 1,
          "android_info": {
            "package_name": "com.bm.android.chat",
            "certificate_hash": "984b9cbc0ae975794c7b89cea60a83e58ff8e165"
          }
        },
        {
          "client_id": "457143384970-vvdkhsa0l5qnafm88bk4dnhlh9c1gq37.apps.googleusercontent.com",
          "client_type": 3
        }
      ],
      "api_key": [
        {
          "current_key": "AIzaSyA76vmS1Tjyphs_1BtgH34L8CS_-1eiuLk"
        }
      ],
      "services": {
        "appinvite_service": {
          "other_platform_oauth_client": [
            {
              "client_id": "457143384970-vvdkhsa0l5qnafm88bk4dnhlh9c1gq37.apps.googleusercontent.com",
              "client_type": 3
            }
          ]
        }
      }
    }
  ],
  "configuration_version": "1"
}